Workbook

Sheet Data
A1: OrderID | B1: Month | C1: City | D1: Product | E1: Quantity | F1: UnitPrice | G1: total
A2: 1 | B2: Jul | C2: Lahore | D2: Embroidered Shawl | E2: 1 | F2: 3500 | G2: =E2*F2 -> 3500
A3: 2 | B3: Jul | C3: Multan | D3: Blue Pottery Vase | E3: 1 | F3: 3400 | G3: 3400
A4: 3 | B4: Jul | C4: Karachi | D4: Handmade Bag | E4: 2 | F4: 1900 | G4: =E4*F4 -> 3800
A5: 4 | B5: Jul | C5: Islamabad | D5: Khussa | E5: 2 | F5: 3400 | G5: =E5*F5 -> 6800
A6: 5 | B6: Jul | C6: Lahore | D6: Handmade Bag | E6: 3 | F6: 4400 | G6: =E6*F6 -> 13200
A7: 6 | B7: Aug | C7: Multan | D7: Embroidered Shawl | E7: 3 | F7: 4500 | G7: =E7*F7 -> 13500
A8: 7 | B8: Aug | C8: Lahore | D8: Blue Pottery Vase | E8: 4 | F8: 3200 | G8: =E8*F8 -> 12800
A9: 8 | B9: Aug | C9: Karachi | D9: Embroidered Shawl | E9: 6 | F9: 4300 | G9: =E9*F9 -> 25800
A10: 9 | B10: Aug | C10: Multan | D10: Khussa | E10: 5 | F10: 4300 | G10: =E10*F10 -> 21500
A11: 10 | B11: Aug | C11: Islamabad | D11: Handmade Bag | E11: 2 | F11: 2300 | G11: =E11*F11 -> 4600
A12: 11 | B12: Aug | C12: Lahore | D12: Khussa | E12: 1 | F12: 1200 | G12: =E12*F12 -> 1200
A13: 12 | B13: Sep | C13: Karachi | D13: Blue Pottery Vase | E13: 3 | F13: 2300 | G13: =E13*F13 -> 6900
A14: 13 | B14: Sep | C14: Multan | D14: Embroidered Shawl | E14: 1 | F14: 1200 | G14: =E14*F14 -> 1200
A15: 14 | B15: Sep | C15: Lahore | D15: Handmade Bag | E15: 2 | F15: 2500 | G15: =E15*F15 -> 5000
... A19: 18 | B19: Sep | C19: Lahore | D19: Blue Pottery Vase | E19: 4 | F19: 4900 | G19: =E19*F19 -> 19600

Sheet summary
A1: Key number
A2: Number of orders | C2: =COUNTA(Data!A2:A19) -> 18
A3: Total units sold | C3: =SUM(Data!E2:E19) -> 46
A4: Total sales (Rs) | C4: =SUM(Data!G2:G19) -> 164600
A5: Average order value (Rs) | C5: =AVERAGE(Data!G2:G19) -> 9144.4444
A6: Highest order (Rs) | C6: =MAX(Data!G2:G19) -> 25800
A7: Lowest order (Rs) | C7: =MIN(Data!G2:G19) -> 1200
A8: Sales in Jul | C8: =SUMIF(Data!B2:B19,"Jul",Data!G2:G19) -> 30700
A9: Sales in Aug | C9: =SUMIF(Data!B2:B19,"Aug",Data!G2:G19) -> 79400
A10: Sales in Sep | C10: =SUMIF(Data!B2:B19,"Sep",Data!G2:G19) -> 54500

Sheet Pivot city

Sheet Pivot Month

Sheet Pivot product

Sheet Dashboard
